{"_name": "GDC-submission_Google.pdf", "_type": "pdf-document", "bitmaps": [], "description": {"logs": [{"agent": "CCS", "type": "parsing", "comment": "CCS v9.3.0 parsing of documents", "date": "2024-01-01T19:30:50.162277+00:00"}]}, "equations": [], "figures": [], "file-info": {"#-pages": 12, "document-hash": "c2eaf0241c710d848caa58714c3f7259b03722448bbf01e8403f7a3e05383aca", "filename": "GDC-submission_Google.pdf", "page-hashes": [{"hash": "4dd2136e5504639ad2592966b64839d3356af8987b0d292b3d538cc09a364092", "model": "model", "page": 1}, {"hash": "6ad668a5b2504538f2206a171d29408556c57667ecc2c18e4e8d6754da91152d", "model": "model", "page": 2}, {"hash": "6ee89a6465339118fe8e57e7df0868854a94c19aa585105674b16d7a023793c4", "model": "model", "page": 3}, {"hash": "57900e137a5275a6d3545c48f459ad4a165ff9b273e688f8c75df99b37cdf4c2", "model": "model", "page": 4}, {"hash": "84767c30c443e9860172a1ad57a06092cb12c45155b9faf610fef594c6c7127b", "model": "model", "page": 5}, {"hash": "f6925cb33c1a7c1b1753cd34c8530497207ed4bd5b7eb720e811bbe50283efdd", "model": "model", "page": 6}, {"hash": "80a46d95994758f6d757e9287b0c70dfa7b50d2d7a460b91ca8f68c09191aed2", "model": "model", "page": 7}, {"hash": "8ca5f46ebd9fe50e179b5365b4fb34749ce27f0665dd71e79735d39adeb7950d", "model": "model", "page": 8}, {"hash": "35e0b6406b4b3ce15df8c3f5d13b732c7df0065e004e4f9b7236a53d71c3ee7f", "model": "model", "page": 9}, {"hash": "0a734b76c19381045db79ef8626b90301f4dacae94946438864244bc10d5e95c", "model": "model", "page": 10}, {"hash": "05441825a0c79ed73ce0e81bd6d7d5e9401629a18f34488984d532a0824b95bf", "model": "model", "page": 11}, {"hash": "b7e49ae0fd8c402e4bf898e2a1b56f95e2f765b3a4598fd1724d187e89197fb3", "model": "model", "page": 12}], "filename-prov": "00000.zip", "description": {}}, "footnotes": [], "main-text": [{"text": "Global Digital Compact Google 31 March 2023", "name": "text", "type": "paragraph", "prov": [{"bbox": [72.0, 678.258544921875, 192.92739868164062, 719.64013671875], "page": 1, "span": [0, 43]}]}, {"text": "Secretary-General Guterres and participants of the Summit of the Future,", "name": "text", "type": "paragraph", "prov": [{"bbox": [72.0, 648.5828857421875, 428.4377136230469, 661.455078125], "page": 1, "span": [0, 72]}]}, {"text": "Thank you for the opportunity to submit input to the UN Global Digital Compact. Our core mission at Google is to organize the world's information and make it universally accessible and useful. We believe that many of the challenges of our era can only be effectively addressed by global collaboration across borders. Whether it's a pandemic, climate change, or the health of the global economy, we live in an interconnected world in which international organizations like the United Nations, governments, civil society, and private sector businesses like Google must work together to tackle humanity's collective challenges to realize a more prosperous future for all. Among the most important of those challenges is accelerating the world's digital transformation in ways that advance opportunity for all people and protect our planet. Technological innovation holds tremendous promise not just to democratize access to next-generation tools but also to accelerate progress on the UN Sustainable Development Goals.", "name": "text", "type": "paragraph", "prov": [{"bbox": [72.0, 459.6798095703125, 532.4050903320312, 632.362548828125], "page": 1, "span": [0, 1015]}]}, {"text": "We believe technology is a force for good. We have recently seen how technology-enabled solutions like smartphone-based exposure notifications can support public health authorities in the fight against COVID-19, machine-learning models help reduce and optimize energy consumption, and AI, when deployed responsibly, can address a host of challenges. At Google, we are proud to be pushing the frontiers of innovation, investing billions in R&D each year to generate new technologies that help address the world's biggest cross-border problems.", "name": "text", "type": "paragraph", "prov": [{"bbox": [72.0, 358.24072265625, 535.290283203125, 443.2611083984375], "page": 1, "span": [0, 542]}]}, {"text": "But challenges remain, and we know that the promise of technology is not a given. Despite the recent acceleration of digital transformation, there are still numerous issues to address before technology's potential can be fully realized-issues that can be addressed through a truly collaborative, multistakeholder effort under the auspices of the UN Global Digital Compact.", "name": "text", "type": "paragraph", "prov": [{"bbox": [72.0, 285.5093994140625, 532.6826171875, 341.437255859375], "page": 1, "span": [0, 372]}]}, {"text": "-", "name": "text", "type": "paragraph", "prov": [{"bbox": [71.45500946044922, 256.4168701171875, 85.22007751464844, 269.280517578125], "page": 1, "span": [0, 1]}]}, {"text": "1) Protect the open internet (SDG 9)", "name": "subtitle-level-1", "type": "subtitle-level-1", "prov": [{"bbox": [89.66886901855469, 227.07135009765625, 283.9609375, 240.1204833984375], "page": 1, "span": [0, 36]}]}, {"text": "The global internet was built to be a shared resource that everyone could access wherever they lived-but over the last few years this ideal has been increasingly challenged. Regulatory barriers to the free flow of information across borders are threatening to fragment the internet. New and revitalized global governance frameworks are needed for an increasingly digitized world, and international organizations will be critical to achieving them.", "name": "text", "type": "paragraph", "prov": [{"bbox": [72.0, 139.529541015625, 537.438232421875, 210.5208740234375], "page": 1, "span": [0, 447]}]}, {"text": "Digital fragmentation impacts everyone using the internet. As conflicting regulations proliferate, people's access to information, privacy protections, and freedom to transact and communicate increasingly vary depending on where they are located. Digital fragmentation has become a", "name": "text", "type": "paragraph", "prov": [{"bbox": [72.0, 81.4345703125, 533.9893188476562, 123.24329376220703], "page": 1, "span": [0, 281]}]}, {"text": "significant barrier to international trade, with a particularly pernicious effect on small businesses, which lack the resources to navigate an array of conflicting rules. And it discriminates against emerging markets, as new products become harder to launch and scale on a fragmented Internet to all markets.", "name": "text", "type": "paragraph", "prov": [{"bbox": [72.0, 663.5496826171875, 538.4537353515625, 719.64013671875], "page": 2, "span": [0, 308]}]}, {"text": "In particular, we're seeing a number of governments take actions to crack down on the free flow of information and ideas, increase government surveillance, and restrict access to cross-border internet services under the banner of 'cyber-sovereignty.' In the most extreme cases, certain governments have leveraged technology to silence critical voices and conceal human rights abuses. Google actively works to maintain global access to its services, contributes to core internet standards, and continues to develop tools to expose and oppose internet shutdowns and cyber-attacks, but effectively countering the growing trend of digital censorship will take a multistakeholder, intergovernmental effort. As the UN Global Digital Compact and other international efforts like the Declaration for the Future of the Internet take shape, Google believes that discussions should be grounded in a few common principles:", "name": "text", "type": "paragraph", "prov": [{"bbox": [72.0, 503.2402648925781, 537.77490234375, 646.9088134765625], "page": 2, "span": [0, 910]}]}, {"text": "\u25cf First, governments and international organizations should strive to agree on common standards to guide the development of new rules for digital technologies, so that consumers have consistent protections across borders and access to digital tools.", "name": "list-item", "type": "paragraph", "prov": [{"bbox": [90.0, 445.21240234375, 520.4314575195312, 486.89990234375], "page": 2, "span": [0, 251]}]}, {"text": "\u25cf Second, governments and international organizations should strive to increase interoperability between national digital rules (as we have seen with the US-EU Data Privacy Framework and the Global Cross Border Privacy Rules).", "name": "list-item", "type": "paragraph", "prov": [{"bbox": [90.0, 401.2134704589844, 519.8289794921875, 443.2611083984375], "page": 2, "span": [0, 228]}]}, {"text": "\u25cf Third, governments and international organizations like the UN should commit to intergovernmental regulatory dialogue to ensure that new rules strengthen shared values-the GDC is an excellent opportunity for such dialogue.", "name": "list-item", "type": "paragraph", "prov": [{"bbox": [90.0, 358.197265625, 540.8021240234375, 400.0015563964844], "page": 2, "span": [0, 226]}]}, {"text": "\u25cf And fourth, governments and international organizations should abide by core open trade principles like non-discriminatory approaches to regulation that do not single out foreign companies.", "name": "list-item", "type": "paragraph", "prov": [{"bbox": [89.77250671386719, 313.7206115722656, 526.011474609375, 356.6530456542969], "page": 2, "span": [0, 193]}]}, {"text": "2) Respect human rights (SDG 16)", "name": "subtitle-level-1", "type": "subtitle-level-1", "prov": [{"bbox": [90.0, 284.9730224609375, 274.631591796875, 297.7984619140625], "page": 2, "span": [0, 32]}]}, {"text": "In their first letter to shareholders, our founders highlighted Google's mission to 'develop services that significantly improve the lives of as many people as possible.' This vision continues to guide Google. From Search to YouTube, Gmail to Google Maps-we've worked to ensure that our products increase access to information, help people connect with one another, and amplify opportunities around the world. In doing so, Google's business, products, and technology have long had implications for the advancement of global human rights, and we have had a stake in the conversations around the intersections of human rights and digital governance.", "name": "text", "type": "paragraph", "prov": [{"bbox": [72.0, 154.1734619140625, 535.3233642578125, 268.7059326171875], "page": 2, "span": [0, 647]}]}, {"text": "Google is guided by internationally recognized human rights standards, and we believe that the future of the internet must be founded on them too. We are committed to respecting the rights enshrined in the Universal Declaration of Human Rights and its implementing treaties, as well", "name": "text", "type": "paragraph", "prov": [{"bbox": [72.0, 96.18414306640625, 536.2128295898438, 137.78955078125], "page": 2, "span": [0, 282]}]}, {"text": "as upholding the standards established in the United Nations Guiding Principles on Business and Human Rights (UNGPs) and in the Global Network Initiative Principles (GNI Principles).", "name": "text", "type": "paragraph", "prov": [{"bbox": [72.0, 692.4172973632812, 524.7601318359375, 719.64013671875], "page": 3, "span": [0, 182]}]}, {"text": "These frameworks are the foundation of our responsible approaches to critical issues ranging from content to privacy to AI governance. We encourage greater industry adoption of these standards to ensure advancements in technology continue to benefit everyone.", "name": "text", "type": "paragraph", "prov": [{"bbox": [72.0, 634.5863037109375, 527.3208618164062, 676.0013427734375], "page": 3, "span": [0, 259]}]}, {"text": "3) Expand access and connectivity to the global internet so that all people can benefit from it (SDG 9)", "name": "subtitle-level-1", "type": "subtitle-level-1", "prov": [{"bbox": [90.0, 590.0601806640625, 504.91998291015625, 617.8162841796875], "page": 3, "span": [0, 103]}]}, {"text": "Connectivity is the foundation of an inclusive digital economy, but 2.7 billion people worldwide remain disconnected from the global internet. We are focused on developing infrastructure that can help bring the internet to more people-like the subsea cables we are building between Western Europe and the West Coast of Africa, which will increase bandwidth speeds and expand connectivity. Through the Android ecosystem, we are promoting the availability of affordable devices that enable more users to access the Internet and digital tools, so that online participation is not limited to those who can afford luxury devices. And through support for a responsible advertising ecosystem that keeps data safe and secure, we are working to keep the internet accessible to all, making it possible for small businesses to reach new customers locally and around the globe.", "name": "text", "type": "paragraph", "prov": [{"bbox": [72.0, 430.4700012207031, 539.5043334960938, 574.177490234375], "page": 3, "span": [0, 865]}]}, {"text": "Google believes that an open, free, secure, resilient and interoperable internet facilitates free expression, increases opportunities for everyone with internet access, and drives investment and innovation. Closing the global digital divide is not only critical for ensuring that all people can benefit from the opportunities afforded by digital tools, but also because we are missing out on the knowledge, expertise, and creativity that each person who lacks access to the internet has to offer to the rest of the world. We must bridge the digital divide with a view towards equity, ensuring connectivity to rural and urban areas for all people, including those with disabilities. We fully support legislative, regulatory, and policy efforts that expand connectivity and will continue to play our part.", "name": "text", "type": "paragraph", "prov": [{"bbox": [72.0, 285.21685791015625, 539.9531860351562, 414.1685791015625], "page": 3, "span": [0, 803]}]}, {"text": "4) We must ensure that the world's digital transformation enables economic opportunities for people across the world (SDGs 1, 3, 4, 8, 10)", "name": "subtitle-level-1", "type": "subtitle-level-1", "prov": [{"bbox": [90.0, 241.20611572265625, 491.4798889160156, 268.7060546875], "page": 3, "span": [0, 138]}]}, {"text": "More than ever, entrepreneurs and existing businesses around the world are leveraging technology and the internet to connect, create, and expand, bringing new jobs and economic opportunity to their communities. The internet is also opening new opportunities for workers to build skills and expand their own horizons. But these opportunities for entrepreneurs and workers are not yet universally accessible.", "name": "text", "type": "paragraph", "prov": [{"bbox": [71.75927734375, 154.24224853515625, 531.9658203125, 225.067138671875], "page": 3, "span": [0, 406]}]}, {"text": "The last several years presented once-in-a-generation challenges that have fallen hardest on emerging economies. Yet emerging markets also have some of the most vibrant economies and greatest entrepreneurial energy in the world. With the right policy frameworks, they can become ideal launching pads for future innovation.", "name": "text", "type": "paragraph", "prov": [{"bbox": [72.0, 81.4974365234375, 540.0911865234375, 137.78955078125], "page": 3, "span": [0, 322]}]}, {"text": "We call these emerging economies 'Digital Sprinters,' a subject on which we released a comprehensive report in 2020. By becoming more digital these countries have the potential to sprint ahead toward economic development. Based on our experiences, we believe governments, international organizations, and the private sector should focus on four key areas:", "name": "text", "type": "paragraph", "prov": [{"bbox": [72.0, 648.5933227539062, 537.7646484375, 705.09375], "page": 4, "span": [0, 355]}]}, {"text": "\u25cf Physical capital : this is about digital connectivity and infrastructure. It's not just about investment but also how infrastructure is managed.", "name": "list-item", "type": "paragraph", "prov": [{"bbox": [89.80895233154297, 605.27197265625, 527.3295288085938, 632.362548828125], "page": 4, "span": [0, 148]}]}, {"text": "\u25cf Human capital: countries need a comprehensive approach to worker training, economic security, entrepreneurship, and combating discrimination.", "name": "list-item", "type": "paragraph", "prov": [{"bbox": [89.7776107788086, 576.3203735351562, 541.4846801757812, 603.27001953125], "page": 4, "span": [0, 145]}]}, {"text": "\u25cf Technology: increasing the use of data, artificial intelligence, and cloud computing, which empower the growth of next-generation technologies and unlock future growth. This means new opportunities alongside new questions about how best to harness these technologies.", "name": "list-item", "type": "paragraph", "prov": [{"bbox": [90.0, 518.1419677734375, 540.87158203125, 574.6051025390625], "page": 4, "span": [0, 271]}]}, {"text": "\u25cf Competitiveness: policies that promote competitive and open markets, interoperable regulatory standards, and tax regimes that are predictable and based on international standards.", "name": "list-item", "type": "paragraph", "prov": [{"bbox": [90.0, 473.8881530761719, 526.516357421875, 515.992431640625], "page": 4, "span": [0, 183]}]}, {"text": "The economic potential from digital transformation is huge. By 2030, digital transformation could generate as much $3.4 trillion of economic value in certain emerging markets. On the sidelines of the 2022 United Nations General Assembly, we expanded the measurement of potential gains in what we call 'Digital Sprinters' markets by launching the Portulans Institute's first global Future Readiness Economic Index. The report covers 124 economies and helps countries in assessing how ready they are for the future, and how they can accelerate their digital transformation for stronger, sustainable and inclusive growth.", "name": "text", "type": "paragraph", "prov": [{"bbox": [72.0, 358.24072265625, 541.127685546875, 457.807373046875], "page": 4, "span": [0, 618]}]}, {"text": "5) Promote responsible Artificial Intelligence (AI) and innovation (SDG 9)", "name": "subtitle-level-1", "type": "subtitle-level-1", "prov": [{"bbox": [90.0, 328.26171875, 475.8607177734375, 341.437255859375], "page": 4, "span": [0, 74]}]}, {"text": "We believe that AI, including its core methods such as machine learning (ML), is a foundational and transformational technology. AI enables innovative new uses of tools, products, and services, and it is used by billions of people every day, as well as businesses, governments, and other organizations. AI can assist, complement, empower, and inspire people in almost every field, from everyday tasks to bold and imaginative endeavors. It can unlock new scientific discoveries and opportunities, and help tackle humanity's greatest challenges-today and in the future.", "name": "text", "type": "paragraph", "prov": [{"bbox": [72.0, 212.56890869140625, 540.1473388671875, 312.3447265625], "page": 4, "span": [0, 567]}]}, {"text": "AI will have a significant impact on our global society for many years to come. That's why we established our industry-leading AI Principles in 2018. These are backed by the operational processes and structures necessary to ensure they are not just words but concrete standards that actively impact our research, products and business decisions to ensure trustworthy and effective AI application. We encourage other companies to follow suit, and the Global Digital Compact could draw attention to such industry-led principles to inform its work on AI moving forward.", "name": "text", "type": "paragraph", "prov": [{"bbox": [72.0, 96.16046142578125, 527.90234375, 195.974609375], "page": 4, "span": [0, 566]}]}, {"text": "We welcome efforts by policymakers around the world to develop proportional, risk-based regulations that promote reliable, robust and trustworthy AI applications, while still enabling innovation and the promise of AI for societal benefit. Indeed, the 'Global Digital Compact: Background Note (version 17 January 2023)' stated that 'the Compact could also promote regulation of artificial intelligence to ensure that this is aligned with shared global values.' We agree. The challenge is to do so in a way that is proportionately tailored to mitigate risks and promote reliable, robust and trustworthy AI applications, while still enabling innovation and the promise of AI for societal benefit. We encourage the United Nations and its member states to keep this in mind as the Global Digital Compact unfolds.", "name": "text", "type": "paragraph", "prov": [{"bbox": [71.90789031982422, 590.46826171875, 530.052734375, 719.64013671875], "page": 5, "span": [0, 807]}]}, {"text": "We believe that AI has the potential to benefit people and society through its capacity to:", "name": "text", "type": "paragraph", "prov": [{"bbox": [70.8531265258789, 561.3519897460938, 500.9033508300781, 574.177490234375], "page": 5, "span": [0, 91]}]}, {"text": "\u25cf Make information more useful and available to more people, everywhere, often helping overcome barriers including access and language", "name": "list-item", "type": "paragraph", "prov": [{"bbox": [90.0, 532.3173828125, 531.85498046875, 560.0249633789062], "page": 5, "span": [0, 136]}]}, {"text": "\u25cf Assist people and organizations to make decisions, solve problems, be more productive and creative in their daily and work lives", "name": "list-item", "type": "paragraph", "prov": [{"bbox": [89.60472106933594, 503.1279602050781, 537.1705322265625, 530.9328002929688], "page": 5, "span": [0, 132]}]}, {"text": "\u25cf Enable innovation that leads to new, helpful products and services for people, organizations, and society more broadly", "name": "list-item", "type": "paragraph", "prov": [{"bbox": [89.96907806396484, 473.78759765625, 487.5240783691406, 501.4462890625], "page": 5, "span": [0, 122]}]}, {"text": "\u25cf Help tackle current and pressing real world challenges, such as public health crises, natural disasters (early warning systems), climate change, and sustainability", "name": "list-item", "type": "paragraph", "prov": [{"bbox": [90.0, 445.1609191894531, 517.9069213867188, 472.353515625], "page": 5, "span": [0, 167]}]}, {"text": "\u25cf Enable scientific and other breakthroughs to address humanity's greatest future opportunities and challenges (e.g. medical diagnosis, drug discovery, climate forecasting)", "name": "list-item", "type": "paragraph", "prov": [{"bbox": [90.0, 401.27691650390625, 500.848876953125, 443.43994140625], "page": 5, "span": [0, 174]}]}, {"text": "The foundational nature of AI means that AI will also power and transform existing infrastructure, tools, software, hardware, and devices-including products and services not normally thought of as AI. A non-exhaustive list of our products that are already being transformed by AI includes, among others, Google Search, Google Maps, Google Photos, Google Workspace, Android, and Pixel phones. AI will significantly enhance their usefulness and multiply their value to people. It will also lead to new categories of assistive tools, products, and services, often with breakthrough capabilities and performance made possible only through AI. This includes quantum computing, robotics, more powerful and inclusive language translators, conversational AI and assistants, generative and multi-modal AI, robotics and driverless cars, and other areas that our research teams continue to work on.", "name": "text", "type": "paragraph", "prov": [{"bbox": [72.0, 241.4754638671875, 537.3185424804688, 385.076171875], "page": 5, "span": [0, 887]}]}, {"text": "Our goal is to bring to users useful innovations made possible by AI that benefit people and society. Advancing the state of the art helps us expand and progress AI capability to deliver innovations that can assist and improve the lives of many, while generating sustaining value that enables us to continue investing in transformative innovations.", "name": "text", "type": "paragraph", "prov": [{"bbox": [72.0, 168.342041015625, 541.3388671875, 225.067138671875], "page": 5, "span": [0, 348]}]}, {"text": "We are pursuing and delivering on this aspiration in several ways:", "name": "text", "type": "paragraph", "prov": [{"bbox": [71.13782501220703, 139.06512451171875, 393.5518798828125, 152.3359375], "page": 5, "span": [0, 66]}]}, {"text": "Advance the state of the art for more capable AI that can benefit people and society:", "name": "text", "type": "paragraph", "prov": [{"bbox": [107.29086303710938, 110.32269287109375, 518.014404296875, 123.24315643310547], "page": 5, "span": [0, 85]}]}, {"text": "\u25cf Use AI to make breakthrough progress in science and other areas where we aim to advance scientific and engineering progress. Examples of our", "name": "list-item", "type": "paragraph", "prov": [{"bbox": [125.9522476196289, 80.90252685546875, 537.7800903320312, 108.697021484375], "page": 5, "span": [0, 144]}]}, {"text": "widely-acknowledged breakthroughs in AI and science that can benefit all of humanity include: mapping nearly all known proteins, predicting the function of proteins, mapping a piece of the brain in neuroscience research, discovering faster algorithms, and advances in quantum computing and physics including innovating in nuclear fusion.", "name": "text", "type": "paragraph", "prov": [{"bbox": [144.0, 648.7584228515625, 528.0872802734375, 719.64013671875], "page": 6, "span": [0, 337]}]}, {"text": "Bring useful and transformational AI-powered infrastructure, products, and services to more people, businesses, organizations (large and small), and economies everywhere:", "name": "text", "type": "paragraph", "prov": [{"bbox": [108.0, 605.2169189453125, 530.779052734375, 632.36279296875], "page": 6, "span": [0, 170]}]}, {"text": "\u25cf Build state of the art AI infrastructure that is secure and easy to use, including compute (e.g. Tensor Processing Units, Google Tensor and Colab) and widely-used software frameworks (e.g. TensorFlow, Jax, Android ML and Private Compute). Make this AI infrastructure available (with many open source tools) to millions of developers, students, and researchers in various organizations throughout the world, thus enabling digital transformation.", "name": "list-item", "type": "paragraph", "prov": [{"bbox": [126.0, 518.1160278320312, 535.7506103515625, 603.27001953125], "page": 6, "span": [0, 448]}]}, {"text": "\u25cf Develop new AI-powered products, services and experiences for:", "name": "list-item", "type": "paragraph", "prov": [{"bbox": [124.21575927734375, 502.90203857421875, 462.6773376464844, 515.99267578125], "page": 6, "span": [0, 66]}]}, {"text": "\u00b7 Consumers with assistive tools like Google Translate, Google Lens, Google Assistant, Project Starline, Project Relate and Activate, speech-to-text, Pixel Call Assist and Recorder, real-time text suggestions and summarization, and generative human-assistive capabilities across many creative and productivity endeavors. To enhance all products that use speech, we've developed a Universal Speech Model capable of 400 languages and we are committed to building a model to support the 1000 most-spoken languages, improving access for billions of people.", "name": "list-item", "type": "paragraph", "prov": [{"bbox": [162.0, 387.0102844238281, 536.0419921875, 501.4462890625], "page": 6, "span": [0, 554]}]}, {"text": "\u00b7 Businesses and organizations of all sizes, across industries and regions, with examples like contact center assistive agents, tools such as AutoML, Vertex AI, Cloud TPUs, Glass Enterprise, and assistive products for coding, design, and more still to come.", "name": "list-item", "type": "paragraph", "prov": [{"bbox": [162.0, 328.3472900390625, 538.0052490234375, 385.076171875], "page": 6, "span": [0, 259]}]}, {"text": "\u00b7 Sectors that can most benefit from AI, from manufacturing to life sciences (e.g. diabetic retinopathy, imaging diagnostics, DeepVariant).", "name": "list-item", "type": "paragraph", "prov": [{"bbox": [161.95889282226562, 299.2505798339844, 540.0914306640625, 326.89111328125], "page": 6, "span": [0, 141]}]}, {"text": "Work with and enable many others beyond Google to apply AI to help tackle society's greatest challenges and opportunities today and in the future.", "name": "text", "type": "paragraph", "prov": [{"bbox": [108.0, 255.9788818359375, 522.6851196289062, 283.25244140625], "page": 6, "span": [0, 146]}]}, {"text": "\u25cf Collaborate with others around the world to apply AI to society's most pressing challenges such as natural disasters, public health crises, climate change, and sustainability. Notable examples include AI for Social Good, AI for the UN Sustainable Development Goals, Data Commons, wildfire alerts, coral reef conservation, and flood forecasting so far in more than 20 countries around the world.", "name": "list-item", "type": "paragraph", "prov": [{"bbox": [126.0, 168.60614013671875, 529.3822631835938, 254.15966796875], "page": 6, "span": [0, 398]}]}, {"text": "\u25cf Jigsaw, a team within Google that builds technology to address threats to open societies, has leveraged advances in AI to build a free, public API called 'Perspective,' which enables moderators from over 800 publishers and platforms to identify and remove toxic comments, thus enabling more meaningful and less hateful conversations. Jigsaw also open-sourced 'Harassment Manager,' a free tool used by multiple NGOs that allows public figures including journalists,", "name": "list-item", "type": "paragraph", "prov": [{"bbox": [126.0, 81.3433837890625, 538.7833862304688, 166.88232421875], "page": 6, "span": [0, 468]}]}, {"text": "politicians and human rights defenders to block and document the harassment they receive on social media platforms like Twitter.", "name": "text", "type": "paragraph", "prov": [{"bbox": [144.0, 692.34375, 528.0045166015625, 719.64013671875], "page": 7, "span": [0, 128]}]}, {"text": "Apply our AI innovations to continually improve Google itself as a leading organization, and to share what we learn with other organizations, including customers, governments, non-governmental organizations and international organizations. Key areas of focus include :", "name": "text", "type": "paragraph", "prov": [{"bbox": [107.86454772949219, 619.7332763671875, 535.5789184570312, 676.00146484375], "page": 7, "span": [0, 268]}]}, {"text": "\u25cf Leveraging AI to achieve industry-leading safety and cybersecurity across all our products and services.", "name": "list-item", "type": "paragraph", "prov": [{"bbox": [126.0, 590.6142578125, 536.244384765625, 617.81640625], "page": 7, "span": [0, 108]}]}, {"text": "\u25cf Applying AI to improve our own productivity and operations across all functions.", "name": "list-item", "type": "paragraph", "prov": [{"bbox": [126.0, 576.290771484375, 532.3552856445312, 588.7236328125], "page": 7, "span": [0, 84]}]}, {"text": "\u25cf Using AI to help realize bold ambitions in climate and sustainability.", "name": "list-item", "type": "paragraph", "prov": [{"bbox": [125.49293518066406, 561.493896484375, 471.1442565917969, 574.17724609375], "page": 7, "span": [0, 74]}]}, {"text": "As with any transformational technology, AI comes with complexities and risks, and these will change over time. As an evolving technology, its ever-changing capabilities and uses create potential for misapplication, misuse, and unintended or unforeseen consequences. We are taking a proactive approach to understand the evolving complexities and risks as AI advances, deployment grows, and use expands, while continuing to learn from users and the wider community. We urge other companies operating in this space to do the same.", "name": "text", "type": "paragraph", "prov": [{"bbox": [72.0, 459.2994079589844, 532.5507202148438, 545.0849609375], "page": 7, "span": [0, 528]}]}, {"text": "We recognize the harms that these failures can cause, especially for different communities and contexts across the globe, and a key aim of the Global Digital Compact could be to identify best practices for mitigating the above risks to increase trust, ensure safe and inclusive user experiences, and enable AI to fully benefit people, planet and society.", "name": "text", "type": "paragraph", "prov": [{"bbox": [72.0, 387.33349609375, 537.953125, 443.26123046875], "page": 7, "span": [0, 354]}]}, {"text": "Our approach to Responsible AI", "name": "subtitle-level-1", "type": "subtitle-level-1", "prov": [{"bbox": [72.0, 358.0875549316406, 241.98983764648438, 370.52978515625], "page": 7, "span": [0, 30]}]}, {"text": "Given its risks and complexities, we believe that we as a global company must pursue AI responsibly. As leaders in AI, we must lead not only in state-of-the-art AI technologies, but also in state-of-the-art responsible AI. In 2018, we were one of the first companies to articulate AI Principles that put beneficial use, users, safety, and avoidance of harms above business considerations, and we have pioneered many best practices, like the use of model and data cards now widely used by others. A year later in 2019, Organization for Economic Cooperation and Development (OECD) Member States agreed on their own AI principles, many of which mirrored our own.", "name": "text", "type": "paragraph", "prov": [{"bbox": [72.0, 241.72662353515625, 533.5203247070312, 355.9833984375], "page": 7, "span": [0, 659]}]}, {"text": "While we continue to push the frontiers of innovation in AI, we continue to learn from users, other researchers, affected communities, and our experiences. As a result, we are continually refining our approaches to ensure that the above considerations are incorporated in all we do and address issues as they arise. We aim to work in meaningful ways that help shape but do not slow down innovation that can benefit people, planet and society.", "name": "text", "type": "paragraph", "prov": [{"bbox": [72.0, 154.36773681640625, 526.53564453125, 225.06689453125], "page": 7, "span": [0, 442]}]}, {"text": "Why a collective approach to responsible AI is needed-and how the UN Global Digital Compact can help :", "name": "subtitle-level-1", "type": "subtitle-level-1", "prov": [{"bbox": [71.90972137451172, 110.2926025390625, 527.187255859375, 137.78955078125], "page": 7, "span": [0, 102]}]}, {"text": "We believe that getting AI right requires a collective effort at a global scale. We do not have all the answers, but our experience so far suggests that everyone involved in AI (researchers,", "name": "text", "type": "paragraph", "prov": [{"bbox": [71.97896575927734, 81.19354248046875, 530.7940063476562, 108.69677734375], "page": 7, "span": [0, 190]}]}, {"text": "developers, deployers, academics, civil society, governments, and users, including individuals, businesses, and other organizations) must work together to get AI right including in the following areas:", "name": "text", "type": "paragraph", "prov": [{"bbox": [72.0, 677.9326782226562, 540.5352172851562, 719.64013671875], "page": 8, "span": [0, 201]}]}, {"text": "\u25cf Responsible approaches to AI development and deployment of AI systems", "name": "list-item", "type": "paragraph", "prov": [{"bbox": [90.0, 648.5481567382812, 470.95538330078125, 661.455078125], "page": 8, "span": [0, 73]}]}, {"text": "\u25cf Data and privacy practices that protect privacy and enable benefits for people and society (e.g. sharing traffic and public safety data)", "name": "list-item", "type": "paragraph", "prov": [{"bbox": [90.0, 619.9937133789062, 507.87054443359375, 647.0668334960938], "page": 8, "span": [0, 140]}]}, {"text": "\u25cf Robust AI infrastructure and cybersecurity to mitigate security risks", "name": "list-item", "type": "paragraph", "prov": [{"bbox": [90.0, 605.3284912109375, 435.17620849609375, 618.1507568359375], "page": 8, "span": [0, 73]}]}, {"text": "\u25cf Regulations that encourage innovation and safe and beneficial uses of AI and avoid misapplications, misuse, or harmful uses of AI", "name": "list-item", "type": "paragraph", "prov": [{"bbox": [90.0, 576.3477783203125, 514.6143798828125, 603.3079833984375], "page": 8, "span": [0, 133]}]}, {"text": "\u25cf Cross-community collaboration to develop standards and best practices", "name": "list-item", "type": "paragraph", "prov": [{"bbox": [90.0, 561.4498291015625, 456.26519775390625, 574.4935913085938], "page": 8, "span": [0, 73]}]}, {"text": "\u25cf Sharing and learning together with leaders in government and civil society", "name": "list-item", "type": "paragraph", "prov": [{"bbox": [90.0, 547.220703125, 472.09735107421875, 560.1214599609375], "page": 8, "span": [0, 78]}]}, {"text": "\u25cf Practical accountability mechanisms to build trust in areas of societal concern", "name": "list-item", "type": "paragraph", "prov": [{"bbox": [90.0, 532.5909423828125, 484.35797119140625, 545.4654541015625], "page": 8, "span": [0, 83]}]}, {"text": "\u25cf Investment in AI safety, ethics, and sociotechnical research", "name": "list-item", "type": "paragraph", "prov": [{"bbox": [89.53536987304688, 518.09228515625, 397.4818115234375, 531.07470703125], "page": 8, "span": [0, 64]}]}, {"text": "\u25cf Growing a larger and more diverse community of AI practitioners to fully reflect the diversity of the world and to better address its challenges and opportunities", "name": "list-item", "type": "paragraph", "prov": [{"bbox": [89.5827407836914, 488.47576904296875, 510.4527893066406, 516.318115234375], "page": 8, "span": [0, 166]}]}, {"text": "We would encourage the Global Digital Compact to reflect such practices to ensure that the Compact is indeed aligned with shared global values.", "name": "text", "type": "paragraph", "prov": [{"bbox": [72.0, 445.4026184082031, 518.2490844726562, 472.353515625], "page": 8, "span": [0, 143]}]}, {"text": "6) Content Responsibility (SDG 16)", "name": "subtitle-level-1", "type": "subtitle-level-1", "prov": [{"bbox": [90.0, 416.3282165527344, 279.92138671875, 428.71484375], "page": 8, "span": [0, 34]}]}, {"text": "Core to our mission is providing trustworthy content and opportunities for free expression across our platforms, while limiting the reach of misinformation/disinformation, violent extremism, and other harmful content. These are not easy issues, which is why we support collaborative efforts that enable companies like Google to continue the work we are already doing to develop clear and transparent policies and enforce them without regard to political party or point of view. We work to raise up authoritative sources, and reduce the spread of harmful content, in recommendations and elsewhere. Teams across the company work in a variety of roles to help develop and enforce our policies, monitor our platforms for abuse, and protect users from everything from account hijackings and disinformation or harassment campaigns to terrorist content and inauthentic activity. Beyond our own platforms, Google's Jigsaw team is also developing new approaches to proactively protect the integrity of information across the internet through initiatives like disinformation 'prebunking', and building tools that allow other platforms and organizations to identify and remove toxic comments or violent extremist content before it spreads. Jigsaw's tools are free and open-sourced, and its research is regularly published to benefit the broader ecosystem.", "name": "text", "type": "paragraph", "prov": [{"bbox": [72.0, 183.5816650390625, 539.6028442382812, 399.62255859375], "page": 8, "span": [0, 1344]}]}, {"text": "Recommendations", "name": "subtitle-level-1", "type": "subtitle-level-1", "prov": [{"bbox": [71.74742889404297, 154.26654052734375, 164.19522094726562, 166.88232421875], "page": 8, "span": [0, 15]}]}, {"text": "Already, multiple international and regional fora have elevated this workstream. We would strongly encourage any GDC initiative or UN Code of Conduct on Public Integrity and Information to reference and draw upon the following pre-existing initiatives to minimize duplication and ensure any global regulatory framework is fit for purpose. Sp ecifically, we would like to draw attention to the Global Principles on Digital Safety, developed by WEF which", "name": "text", "type": "paragraph", "prov": [{"bbox": [72.0, 81.4881591796875, 535.5435180664062, 152.33544921875], "page": 8, "span": [0, 452]}]}, {"text": "provide a number of helpful reference points. The Principles aim to advance digital safety in a rights-respecting way, drive multi-stakeholder alignment, and enable positive behaviors and actions across the digital ecosystem. In addition, the EU 2022 Code of Practice on Disinformation, which Google and 30+ other companies and organizations have committed to, serves as another helpful, multilateral reference point that incorporates constructive input from stakeholders. In addition to this, the Christchurch Call serves as yet another example of governments and tech converging to strengthen joint responses to online terror events. The Christchurch Call is a community of over 120 governments, online service providers, and civil society organizations acting together to eliminate terrorist and violent extremist content online and one in which we played a leading role. Lastly, the Global Network Initiative (GNI) could also help to inform the UN's work moving forward. T he GNI Principles and Implementation Guidelines provide an evolving framework for responsible company decision making in support of freedom of expression and privacy rights. Google is an active member and the GNI Principles are taking root as a global standard for human rights in the ICT sector.", "name": "text", "type": "paragraph", "prov": [{"bbox": [71.79000854492188, 518.1905517578125, 539.1812744140625, 719.64013671875], "page": 9, "span": [0, 1273]}]}, {"text": "Our approach to information quality", "name": "subtitle-level-1", "type": "subtitle-level-1", "prov": [{"bbox": [72.0, 488.1666564941406, 260.08892822265625, 501.44580078125], "page": 9, "span": [0, 35]}]}, {"text": "There are inherent tensions that come with fulfilling our mission to organize the world's information and make it universally accessible and useful. We must strike a careful balance between the free flow of information, safety, efficiency, accuracy, and other competing values and we hope that our approach will be accurately reflected in any future UN Code of Conduct to Promote Integrity in Public Information and the UN Global Digital Compact.", "name": "text", "type": "paragraph", "prov": [{"bbox": [72.0, 401.20928955078125, 530.018798828125, 472.35400390625], "page": 9, "span": [0, 446]}]}, {"text": "To help inform both processes, we would like to highlight that the product, policy, and enforcement decisions we make in this complex environment are guided by a set of considerations that are consistent across the spectrum of our products and services:", "name": "text", "type": "paragraph", "prov": [{"bbox": [72.0, 343.22332763671875, 484.7042236328125, 385.07568359375], "page": 9, "span": [0, 253]}]}, {"text": "\u25cf Value openness and accessibility : We aim to provide access to an open and diverse information ecosystem. But that does not mean that anything and everything goes on our services. Removal of content is an important lever we use to address information quality. However, it is not the only lever at our disposal, and we use it with caution, particularly in the context of Search. We believe that a healthy and responsible approach to supporting information quality should aim toward keeping content accessible.", "name": "text", "type": "paragraph", "prov": [{"bbox": [108.0, 212.40252685546875, 456.29248046875, 326.890625], "page": 9, "span": [0, 512]}]}, {"text": "\u25cf Respect user choice : Users who express an intent to explore content that is not illegal or prohibited by our policies should be able to find it, even if all available indicators suggest it is of relatively low quality. We set a higher bar for information quality where users have not clearly expressed what they are looking for.", "name": "text", "type": "paragraph", "prov": [{"bbox": [108.0, 124.95245361328125, 460.8504638671875, 195.974609375], "page": 9, "span": [0, 333]}]}, {"text": "\u25cf Build for everyone : Our services are used around the world by users from different cultures, languages, and backgrounds, and at different", "name": "text", "type": "paragraph", "prov": [{"bbox": [108.0, 81.11212158203125, 458.6875305175781, 108.69677734375], "page": 9, "span": [0, 142]}]}, {"text": "stages in their lives. Some have always known a world with smartphones, while others have lived most of their lives without access to the web. Our product and policy development, as well as our policy enforcement decisions, take into account the diversity of our users and seek to address their needs appropriately.", "name": "text", "type": "paragraph", "prov": [{"bbox": [107.7931137084961, 648.6427001953125, 453.38604736328125, 719.64013671875], "page": 10, "span": [0, 315]}]}, {"text": "Each of the products and services we offer has a different purpose, and people have different expectations of what kind of content they will interact with. So, we tailor our approach to the content that should be available on each product and service carefully. For example, Google Chrome is a tool for viewing the breadth of content on the internet, warning only of pages potentially infected by malware. Google Search serves as an index of all pages available on the open web, where users expect to find every legal webpage pertaining to their query. Therefore, it leans toward the least restrictive end of that spectrum. On the other end, our advertising products are among the most restrictive, as we do not want to profit from those who create harmful content or experiences. Other products fall elsewhere on the spectrum. For instance, Gmail involves minimal limitations on content, while YouTube is a platform for uploading and sharing content as part of a community, which requires broader prohibitions than Google Search.", "name": "text", "type": "paragraph", "prov": [{"bbox": [72.0, 459.4862060546875, 536.227783203125, 632.36279296875], "page": 10, "span": [0, 1030]}]}, {"text": "It is important to note that some features of Google Search, like Autocomplete, provide information to help people get to the results they are looking for as quickly as possible. But we also want to be careful not to show potentially upsetting content to people when they haven't asked for it. For these features, we have developed policies to exclude things like child sexual abuse materials or violence from appearing. Actions taken on these features do not limit what users can search for.", "name": "text", "type": "paragraph", "prov": [{"bbox": [72.0, 358.24072265625, 528.4378051757812, 443.2607421875], "page": 10, "span": [0, 492]}]}, {"text": "We rely on four complementary levers to support information quality and moderate content across many of our products and services:", "name": "text", "type": "paragraph", "prov": [{"bbox": [71.50438690185547, 314.28125, 514.00634765625, 341.43701171875], "page": 10, "span": [0, 130]}]}, {"text": "\u25cf Remove : We set responsible rules for each of our products and services and take action against content and behaviors that infringe on them. We also comply with legal obligations requiring the removal of content.", "name": "list-item", "type": "paragraph", "prov": [{"bbox": [89.8121109008789, 255.87933349609375, 540.0772094726562, 297.798828125], "page": 10, "span": [0, 216]}]}, {"text": "\u25cf Raise : We elevate high-quality content and authoritative sources where it matters most.", "name": "list-item", "type": "paragraph", "prov": [{"bbox": [89.75675201416016, 227.1473388671875, 536.1521606445312, 239.61376953125], "page": 10, "span": [0, 92]}]}, {"text": "\u25cf Reduce : We reduce the spread of potentially harmful information where we feature or recommend content.", "name": "list-item", "type": "paragraph", "prov": [{"bbox": [89.66665649414062, 182.98736572265625, 525.9338989257812, 211.1903076171875], "page": 10, "span": [0, 107]}]}, {"text": "\u25cf Reward : We set a high standard of quality and reliability for publishers and content creators who would like to monetize or advertise their content.", "name": "list-item", "type": "paragraph", "prov": [{"bbox": [90.0, 139.31500244140625, 512.7125244140625, 167.33251953125], "page": 10, "span": [0, 153]}]}, {"text": "These levers allow us to be consistent in our methodology across products while tailoring their implementation to fit the uses and needs of each.", "name": "text", "type": "paragraph", "prov": [{"bbox": [72.0, 96.3236083984375, 531.0292358398438, 123.24365234375], "page": 10, "span": [0, 145]}]}, {"text": "7) Promote the use of technology in ways that advance sustainability (SDGs 6, 7, 11, 12, 13, 14, 15)", "name": "subtitle-level-1", "type": "subtitle-level-1", "prov": [{"bbox": [89.36741638183594, 691.9074096679688, 536.9571533203125, 719.64013671875], "page": 11, "span": [0, 100]}]}, {"text": "As Secretary-General Guterres said, 'Looking to the future, two seismic shifts will shape the 21st century: the climate crisis, and digital transformation.'", "name": "text", "type": "paragraph", "prov": [{"bbox": [71.61419677734375, 648.5650634765625, 521.449462890625, 676.0009765625], "page": 11, "span": [0, 156]}]}, {"text": "In our founding decade, Google became the first major company to be carbon neutral. In our second decade, we were the first major company to match 100% of our annual electricity use with renewable energy. By 2030, we aim to be the first major company to operate on 24/7 carbon-free energy. But this alone is not enough.", "name": "text", "type": "paragraph", "prov": [{"bbox": [72.0, 576.2910766601562, 525.8934326171875, 632.36279296875], "page": 11, "span": [0, 319]}]}, {"text": "Beyond Google, a grid powered by clean energy will reduce a major source of greenhouse gas emissions and unleash sustainable innovation in other parts of our economy, like electrification of the transportation sector. This is good for the planet, good for people, and good for business.", "name": "text", "type": "paragraph", "prov": [{"bbox": [72.0, 518.24951171875, 536.5653076171875, 559.63037109375], "page": 11, "span": [0, 286]}]}, {"text": "But for us and other companies to realize this future, we need to galvanize investment and modernization of the world's energy infrastructure, continue to tackle misinformation on climate change, and accelerate the sharing of technology, methods, and funding to help all people transition to resilient, carbon-free systems.", "name": "text", "type": "paragraph", "prov": [{"bbox": [72.0, 445.29486083984375, 534.4071044921875, 501.44580078125], "page": 11, "span": [0, 323]}]}, {"text": "Digital efforts will play a key role in this energy transition. We stand committed to helping organizations around the world accelerate advances in climate information and action, driven by open data, AI, machine learning and other digital tools, and support efforts to facilitate collaboration worldwide.", "name": "text", "type": "paragraph", "prov": [{"bbox": [72.0, 372.3507995605469, 539.2013549804688, 428.71435546875], "page": 11, "span": [0, 305]}]}, {"text": "8) We must protect data and ensure portability (SDG 9)", "name": "subtitle-level-1", "type": "subtitle-level-1", "prov": [{"bbox": [89.43804168701172, 343.1708984375, 383.228271484375, 355.98388671875], "page": 11, "span": [0, 54]}]}, {"text": "Data portability is fundamental to promoting consumer choice and data protection. We believe data portability is a secure way to foster innovation and competition among digital service providers. When people can easily switch to a new product or service, without the fear of losing access to their data, companies are encouraged to provide the best possible services to win over new users. For over a decade, Google has offered its users data portability-the ability to take your Google data with you, even if you are no longer using a Google service.", "name": "text", "type": "paragraph", "prov": [{"bbox": [72.0, 241.4315185546875, 536.4274291992188, 326.89013671875], "page": 11, "span": [0, 551]}]}, {"text": "We believe data portability rules should follow three key principles:", "name": "text", "type": "paragraph", "prov": [{"bbox": [71.28056335449219, 212.3304443359375, 397.5008850097656, 225.06689453125], "page": 11, "span": [0, 69]}]}, {"text": "\u25cf Put people first. Data portability supports competition by empowering consumers. Supporting standards for the most common data types will accelerate innovation in products that have a high value for consumers-including services for photos, playlists and contacts.", "name": "list-item", "type": "paragraph", "prov": [{"bbox": [90.0, 139.45904541015625, 534.5328979492188, 195.97412109375], "page": 11, "span": [0, 267]}]}, {"text": "\u25cf Require exportability. Platforms that allow people to import their data should also allow them to export it. This encourages people to try new services without the risk that they will lose their data. Consumers will be more likely to try something new if they know they can change their mind.", "name": "list-item", "type": "paragraph", "prov": [{"bbox": [90.0, 81.19781494140625, 538.4228515625, 138.09356689453125], "page": 11, "span": [0, 296]}]}, {"text": "\u25cf Prioritize privacy and security. Portability regulation must include safeguards against unauthorized access, diversion of data, and other types of fraud. This should include account authorization, encryption and delayed delivery.", "name": "list-item", "type": "paragraph", "prov": [{"bbox": [90.0, 678.2545166015625, 532.3885498046875, 719.64013671875], "page": 12, "span": [0, 233]}]}, {"text": "9) We must promote responsible open source and open data. (SDG 9)", "name": "list-item", "type": "paragraph", "prov": [{"bbox": [90.0, 648.2186279296875, 458.6135559082031, 661.45458984375], "page": 12, "span": [0, 65]}]}, {"text": "At Google we have long believed that open data and open source are good not only for us and our industry, but also benefit the world at large. More accessible data can meaningfully help people and organizations, and we are doing our part by opening datasets, providing access to APIs and aggregated product data, and developing tools to make data more accessible and useful.", "name": "text", "type": "paragraph", "prov": [{"bbox": [72.0, 561.88818359375, 532.0308837890625, 632.36279296875], "page": 12, "span": [0, 374]}]}, {"text": "What makes data useful is how easily it can be analyzed. Though there is more open data today, data scientists spend significant time analyzing it across multiple sources. That can take days or weeks. We've developed tools at Google like our Data Commons to make that easier, but we are supportive of further efforts to promote common datasets.", "name": "text", "type": "paragraph", "prov": [{"bbox": [72.0, 488.59844970703125, 532.1156005859375, 545.08544921875], "page": 12, "span": [0, 344]}]}, {"text": "There are also trade-offs to opening up data, and we believe it is essential that the global community balance various sensitivities with the potential benefits of sharing. One consideration is that broad data openness can facilitate uses that do not align with our AI Principles. Extreme data openness can also risk exposing user or proprietary information, causing privacy breaches or threatening the security of our platforms. We allow third party developers to build on services like Maps, Gmail and more via APIs, so they can build their own products while user data is kept safe. We also publish aggregated product data like Search Trends to share information of public interest in a privacy-preserving way.", "name": "text", "type": "paragraph", "prov": [{"bbox": [72.0, 358.24072265625, 541.56005859375, 472.35400390625], "page": 12, "span": [0, 713]}]}, {"text": "While there can be benefits to using sensitive data in controlled and principled ways, like predicting medical conditions or events, it is critical that safeguards are in place so that training machine learning models does not compromise individual privacy and we encourage UN Member States to be mindful of these tradeoffs as the Global Digital Compact moves forward.", "name": "text", "type": "paragraph", "prov": [{"bbox": [72.0, 285.50927734375, 532.9602661132812, 341.43701171875], "page": 12, "span": [0, 368]}]}, {"text": "-", "name": "text", "type": "paragraph", "prov": [{"bbox": [71.58995056152344, 256.41650390625, 85.90673065185547, 268.70556640625], "page": 12, "span": [0, 1]}]}, {"text": "While we continue to push the frontier of bold yet responsible innovation, Google is committed to supporting the UN Global Digital Compact to use technology to tackle humanity's collective challenges, both now and in the future.", "name": "text", "type": "paragraph", "prov": [{"bbox": [72.0, 198.22503662109375, 530.6387329101562, 239.61376953125], "page": 12, "span": [0, 228]}]}], "page-dimensions": [{"height": 792, "page": 1, "width": 612}, {"height": 792, "page": 2, "width": 612}, {"height": 792, "page": 3, "width": 612}, {"height": 792, "page": 4, "width": 612}, {"height": 792, "page": 5, "width": 612}, {"height": 792, "page": 6, "width": 612}, {"height": 792, "page": 7, "width": 612}, {"height": 792, "page": 8, "width": 612}, {"height": 792, "page": 9, "width": 612}, {"height": 792, "page": 10, "width": 612}, {"height": 792, "page": 11, "width": 612}, {"height": 792, "page": 12, "width": 612}], "page-footers": [], "page-headers": [], "references": [], "tables": [], "conversion_settings": {"model_pipeline": {"clusters": [{"type": "LayoutSegmentationModel", "name": "LayoutSegmentationModel", "version": "NA"}], "page": [], "normalization": [], "tables": [{"type": "TableStructureModel", "name": "TableStructureModel", "version": "NA"}]}}, "version": 2}